feature,importance
ApplicantIncome_log,0.18364413518660305
Credit_History,0.18349513153399596
Total_Income,0.16897461686151338
LA_to_IN_ratio,0.16647210538713003
LoanAmount_log,0.14836364559731963
CoapplicantIncome_log,0.10184452602597639
Loan_Amount_Term_log,0.023849969800444754
Loan_Amount_Term,0.023355869607016792
