feature,correlation
Credit_History,0.5100925874040908
LA_to_IN_ratio,0.08124742985672054
Loan_Amount_Term,0.05030421313390608
Loan_Amount_Term_log,0.048435956142937595
CoapplicantIncome_log,0.04478312588161835
Total_Income,0.03021553560798445
LoanAmount_log,0.015475728771778965
ApplicantIncome_log,0.01523636896560279
