feature,correlation
LA_to_IN_ratio,0.08124742985672054
CoapplicantIncome,0.06624453599516196
Loan_Amount_Term,0.05030421313390608
Loan_Amount_Term_log,0.048435956142937595
CoapplicantIncome_log,0.04478312588161835
Total_Income,0.03021553560798445
LoanAmount_log,0.015475728771778965
ApplicantIncome_log,0.01523636896560279
ApplicantIncome,0.004563549469155507
LoanAmount,0.0012360388829663383
